{
  "metadata": {
    "generated": "2025-06-20T16:18:49.575Z",
    "totalUsers": 3406,
    "usersWithPfp": 3194,
    "usersWithoutPfp": 212,
    "errors": 59
  },
  "users": {
    "221890": {
      "username": "thecheeks",
      "display_name": "theCheeks",
      "pfp_filename": "221890.png",
      "has_custom_pfp": true,
      "cached": false,
      "twitch_profile_url": "https://static-cdn.jtvnw.net/jtv_user_pictures/47db0073-1726-44b8-8265-99196ede756d-profile_image-300x300.png",
      "file_size": 55031,
      "last_updated": "2025-06-20T16:19:02.947Z"
    },
    "224710": {
      "username": "livejamie",
      "display_name": "livejamie",
      "pfp_filename": "224710.jpg",
      "has_custom_pfp": true,
      "cached": false,
      "twitch_profile_url": "https://static-cdn.jtvnw.net/jtv_user_pictures/livejamie-profile_image-57de278f0bbc458d-300x300.jpeg",
      "file_size": 37239,
      "last_updated": "2025-06-20T16:19:01.634Z"
    }
  }
}
